GigabitEthernet1/1/2,00 11 25 2c 5a 3f,None,None,vlan40,up,up,fullDuplex,1000mb,
GigabitEthernet1/1/15,00 a0 69 0b 75 c9,None,None,vlan40,up,up,fullDuplex,100mb,
GigabitEthernet1/3/1,00 30 48 c2 ab 11,None,None,vlan40,up,up,fullDuplex,1000mb,
GigabitEthernet1/3/1,12 d5 10 47 bf da,None,None,vlan40,up,up,fullDuplex,1000mb,
GigabitEthernet1/3/1,22 15 dd 32 2a 50,None,None,vlan40,up,up,fullDuplex,1000mb,
GigabitEthernet1/3/1,2e 14 23 05 e5 89,None,None,vlan40,up,up,fullDuplex,1000mb,
GigabitEthernet1/3/1,2e a7 38 9b de c6,None,None,vlan40,up,up,fullDuplex,1000mb,
GigabitEthernet1/3/1,32 01 1c 2a ab bc,None,None,vlan40,up,up,fullDuplex,1000mb,
GigabitEthernet1/3/1,36 66 af ca 66 2c,74.217.230.78,230-78.livestream.com,vlan40,up,up,fullDuplex,1000mb,
GigabitEthernet1/3/1,6e 1c bf cc 0d 46,None,None,vlan40,up,up,fullDuplex,1000mb,
GigabitEthernet1/3/1,6e d1 9c 6a da bb,None,None,vlan40,up,up,fullDuplex,1000mb,
GigabitEthernet1/3/1,82 b3 40 7e 3d 7b,None,None,vlan40,up,up,fullDuplex,1000mb,
GigabitEthernet1/3/1,86 49 cf 85 48 12,None,None,vlan40,up,up,fullDuplex,1000mb,
GigabitEthernet1/3/1,be 1e b5 c1 5c 3b,None,None,vlan40,up,up,fullDuplex,1000mb,
GigabitEthernet1/3/1,de 44 f3 65 a6 87,None,None,vlan40,up,up,fullDuplex,1000mb,
GigabitEthernet1/9/12,00 e0 86 15 db f4,None,None,vlan40,up,up,fullDuplex,1000mb,
GigabitEthernet1/9/23,00 00 0c 07 ac 01,74.217.230.126,livestream-1.nym008.pnap.net,vlan40,up,up,fullDuplex,1000mb,
GigabitEthernet1/9/23,00 17 df 1f 28 00,74.217.230.125,border2.ge3-22.livestream-1.nym008.pnap.net,vlan40,up,up,fullDuplex,1000mb,
TenGigabitEthernet2/2/4,c0 62 6b ae de 0c,129.250.193.153,xe-0-2-0-4.r07.nycmny01.us.bb.gin.ntt.net,vlan50,up,up,fullDuplex,4294mb,NTT-uplink
TenGigabitEthernet1/2/3,00 23 9c 5c 66 1f,173.241.131.57,xe-9-2-0.nyc32.ip4.tinet.net,vlan60,up,up,fullDuplex,4294mb,Tinet-uplink
TenGigabitEthernet1/2/4,00 24 38 7b c2 c3,208.111.134.229,tge21-4.fr3.lga.llnw.net,vlan70,up,up,fullDuplex,4294mb,Limelight-uplink
GigabitEthernet1/1/1,00 19 b9 f6 2a cf,204.77.212.53,212-53.livestream.com,vlan100,up,up,fullDuplex,1000mb,
GigabitEthernet1/1/5,00 19 b9 f6 0a 22,204.77.212.51,212-51.livestream.com,vlan100,up,up,fullDuplex,1000mb,
GigabitEthernet1/1/7,00 19 b9 f4 fa c4,204.77.212.52,212-52.livestream.com,vlan100,up,up,fullDuplex,1000mb,
GigabitEthernet1/1/9,00 19 b9 f6 0a e0,204.77.212.54,212-54.livestream.com,vlan100,up,up,fullDuplex,1000mb,
GigabitEthernet1/1/25,00 c0 b7 53 7c f3,None,None,vlan100,up,up,fullDuplex,100mb,
GigabitEthernet1/1/26,00 c0 b7 52 b9 27,None,None,vlan100,up,up,fullDuplex,100mb,
GigabitEthernet1/1/27,00 c0 b7 53 7e e3,None,None,vlan100,up,up,fullDuplex,100mb,
GigabitEthernet1/1/29,00 30 48 65 e1 22,None,None,vlan100,up,up,fullDuplex,1000mb,
GigabitEthernet1/1/30,00 c0 b7 c8 ec db,None,None,vlan100,up,up,fullDuplex,100mb,
GigabitEthernet1/1/31,00 30 48 65 df 56,None,None,vlan100,up,up,fullDuplex,1000mb,
GigabitEthernet1/1/33,00 30 48 63 b5 4c,None,None,vlan100,up,up,fullDuplex,1000mb,
GigabitEthernet1/1/35,00 30 48 65 e0 e0,None,None,vlan100,up,up,fullDuplex,1000mb,
GigabitEthernet1/1/41,00 19 b9 f4 fa b5,204.77.212.56,212-56.livestream.com,vlan100,up,up,fullDuplex,1000mb,
GigabitEthernet1/1/43,00 19 b9 f4 fe 39,204.77.212.55,212-55.livestream.com,vlan100,up,up,fullDuplex,1000mb,
GigabitEthernet1/1/47,00 19 b9 f6 06 f8,204.77.212.57,212-57.livestream.com,vlan100,up,up,fullDuplex,1000mb,
GigabitEthernet1/3/5,00 19 b9 f4 ac 04,204.77.212.58,212-58.livestream.com,vlan100,up,up,fullDuplex,1000mb,
GigabitEthernet1/3/7,00 15 c5 e3 c6 29,204.77.212.59,212-59.livestream.com,vlan100,up,up,fullDuplex,1000mb,
GigabitEthernet1/3/9,02 ef 82 fb f2 50,None,None,vlan100,up,up,fullDuplex,1000mb,
GigabitEthernet1/3/9,06 c3 43 ac 8b 9b,None,None,vlan100,up,up,fullDuplex,1000mb,
GigabitEthernet1/3/9,12 2b 3e d6 43 28,None,None,vlan100,up,up,fullDuplex,1000mb,
GigabitEthernet1/3/9,16 93 26 15 31 0b,None,None,vlan100,up,up,fullDuplex,1000mb,
GigabitEthernet1/3/9,26 b0 bd ee ce 79,None,None,vlan100,up,up,fullDuplex,1000mb,
GigabitEthernet1/3/9,36 da 66 33 7b 90,None,None,vlan100,up,up,fullDuplex,1000mb,
GigabitEthernet1/3/9,46 15 d8 2f 14 66,None,None,vlan100,up,up,fullDuplex,1000mb,
GigabitEthernet1/3/9,4a cc 39 33 cf a7,None,None,vlan100,up,up,fullDuplex,1000mb,
GigabitEthernet1/3/9,5e 26 e0 f1 59 96,None,None,vlan100,up,up,fullDuplex,1000mb,
GigabitEthernet1/3/9,86 d2 1e df c6 50,None,None,vlan100,up,up,fullDuplex,1000mb,
GigabitEthernet1/3/9,9a 33 f8 a3 50 b4,None,None,vlan100,up,up,fullDuplex,1000mb,
GigabitEthernet1/3/9,da ef 61 d4 74 c5,None,None,vlan100,up,up,fullDuplex,1000mb,
GigabitEthernet1/3/9,fe a8 41 27 a4 95,None,None,vlan100,up,up,fullDuplex,1000mb,
GigabitEthernet1/3/25,00 30 48 c2 ab 10,None,None,vlan100,up,up,fullDuplex,1000mb,
GigabitEthernet1/3/25,06 62 19 c4 8d 53,None,None,vlan100,up,up,fullDuplex,1000mb,
GigabitEthernet1/3/25,12 3d b2 78 e7 96,None,None,vlan100,up,up,fullDuplex,1000mb,
GigabitEthernet1/3/25,26 ac ab 8c 5e 94,None,None,vlan100,up,up,fullDuplex,1000mb,
GigabitEthernet1/3/25,52 2b 59 6d 66 e8,10.10.130.4,ls4-130-v.nyc0.ls.local,vlan100,up,up,fullDuplex,1000mb,
GigabitEthernet1/3/25,66 02 46 b6 eb 72,None,None,vlan100,up,up,fullDuplex,1000mb,
GigabitEthernet1/3/25,66 a9 42 a6 b7 bd,None,None,vlan100,up,up,fullDuplex,1000mb,
GigabitEthernet1/3/25,72 07 ba 89 d7 98,None,None,vlan100,up,up,fullDuplex,1000mb,
GigabitEthernet1/3/25,8a 0f 1c 24 55 b3,None,None,vlan100,up,up,fullDuplex,1000mb,
GigabitEthernet1/3/25,8e 0d 0f 92 7e a4,None,None,vlan100,up,up,fullDuplex,1000mb,
GigabitEthernet1/3/25,96 6b d9 de 02 05,None,None,vlan100,up,up,fullDuplex,1000mb,
GigabitEthernet1/3/25,ca c3 6f 70 d6 2c,None,None,vlan100,up,up,fullDuplex,1000mb,
GigabitEthernet1/3/25,ca c6 9c 64 f6 5c,None,None,vlan100,up,up,fullDuplex,1000mb,
GigabitEthernet1/3/26,00 30 48 c2 b1 0c,None,None,vlan100,up,up,fullDuplex,1000mb,
GigabitEthernet1/3/26,36 21 0f 0f 94 27,None,None,vlan100,up,up,fullDuplex,1000mb,
GigabitEthernet1/3/26,3e e9 00 5f 24 bf,None,None,vlan100,up,up,fullDuplex,1000mb,
GigabitEthernet1/3/26,4e f1 eb 92 54 1f,None,None,vlan100,up,up,fullDuplex,1000mb,
GigabitEthernet1/3/26,5e c9 0e b3 4f 94,None,None,vlan100,up,up,fullDuplex,1000mb,
GigabitEthernet1/3/26,a2 04 90 d6 33 3e,None,None,vlan100,up,up,fullDuplex,1000mb,
GigabitEthernet1/3/26,b2 0f 43 f9 d4 f3,None,None,vlan100,up,up,fullDuplex,1000mb,
GigabitEthernet1/3/26,be 03 ba d0 01 ae,None,None,vlan100,up,up,fullDuplex,1000mb,
GigabitEthernet1/3/26,c2 4d 1f fb 8e 60,None,None,vlan100,up,up,fullDuplex,1000mb,
GigabitEthernet1/3/26,e6 a9 e3 e6 b4 5c,None,None,vlan100,up,up,fullDuplex,1000mb,
GigabitEthernet1/3/26,fe 54 1b 63 bb 34,None,None,vlan100,up,up,fullDuplex,1000mb,
GigabitEthernet1/3/27,00 15 17 aa ec d8,None,None,vlan100,up,up,fullDuplex,1000mb,
GigabitEthernet1/3/28,00 c0 b7 53 7b 8b,None,None,vlan100,up,up,fullDuplex,100mb,
GigabitEthernet1/3/29,00 c0 b7 55 03 e9,None,None,vlan100,up,up,fullDuplex,100mb,
GigabitEthernet1/3/30,00 30 48 c8 1d f8,None,None,vlan100,up,up,fullDuplex,1000mb,
GigabitEthernet1/3/31,00 c0 b7 52 b7 fe,None,None,vlan100,up,up,fullDuplex,100mb,
GigabitEthernet1/3/32,00 30 48 c8 1d fc,None,None,vlan100,up,up,fullDuplex,1000mb,
GigabitEthernet1/3/33,00 c0 b7 55 1f b6,None,None,vlan100,up,up,fullDuplex,100mb,
GigabitEthernet1/3/34,00 15 17 ac 3b dc,10.10.1.33,Pointer Record Not set for 10.10.1.33,vlan100,up,up,fullDuplex,1000mb,
GigabitEthernet1/3/35,00 c0 b7 54 78 30,None,None,vlan100,up,up,fullDuplex,100mb,
GigabitEthernet1/3/36,00 18 8b 37 51 33,None,None,vlan100,up,up,fullDuplex,1000mb,
GigabitEthernet1/3/37,2a 0c e4 3c af 84,None,None,vlan100,up,up,fullDuplex,1000mb,
GigabitEthernet1/3/37,2a 7b 25 6f f5 da,10.10.135.3,ls3-135-v.nyc0.ls.local,vlan100,up,up,fullDuplex,1000mb,
GigabitEthernet1/3/37,56 4a cb 1d 20 51,None,None,vlan100,up,up,fullDuplex,1000mb,
GigabitEthernet1/3/37,5a b2 05 a1 42 9e,None,None,vlan100,up,up,fullDuplex,1000mb,
GigabitEthernet1/3/37,a6 4c c6 04 56 e9,None,None,vlan100,up,up,fullDuplex,1000mb,
GigabitEthernet1/3/37,a6 5c 69 03 03 3a,None,None,vlan100,up,up,fullDuplex,1000mb,
GigabitEthernet1/3/37,ae 86 ca 32 b5 0d,None,None,vlan100,up,up,fullDuplex,1000mb,
GigabitEthernet1/3/37,c2 a6 32 cb 5d 71,10.10.135.4,ls4-135-v.nyc0.ls.local,vlan100,up,up,fullDuplex,1000mb,
GigabitEthernet1/3/37,d2 f9 55 08 19 08,None,None,vlan100,up,up,fullDuplex,1000mb,
GigabitEthernet1/3/37,ea e0 09 15 b5 a1,None,None,vlan100,up,up,fullDuplex,1000mb,
GigabitEthernet1/3/38,00 30 48 c8 1d 26,None,None,vlan100,up,up,fullDuplex,1000mb,
GigabitEthernet1/3/40,00 30 48 c8 1d 3a,None,None,vlan100,up,up,fullDuplex,1000mb,
GigabitEthernet1/9/2,00 18 8b 4d 1b 95,10.10.4.31,ls31-4-p.nyc0.ls.local,vlan100,up,up,fullDuplex,1000mb,
GigabitEthernet1/9/7,00 18 8b 37 5c 75,10.10.4.29,ls29-4-p.nyc0.ls.local,vlan100,up,up,fullDuplex,1000mb,
GigabitEthernet1/9/31,00 25 90 29 f7 2f,None,None,vlan100,up,up,fullDuplex,1000mb,
GigabitEthernet1/9/33,00 30 48 cd 19 5e,None,None,vlan100,up,up,fullDuplex,1000mb,
GigabitEthernet1/9/34,00 30 48 cd 15 22,None,None,vlan100,up,up,fullDuplex,1000mb,
GigabitEthernet1/9/35,82 57 f1 e5 b3 aa,None,None,vlan100,up,up,fullDuplex,1000mb,
GigabitEthernet1/9/35,86 0f 00 99 70 c1,None,None,vlan100,up,up,fullDuplex,1000mb,
GigabitEthernet1/9/35,86 e3 3a 94 07 d8,None,None,vlan100,up,up,fullDuplex,1000mb,
GigabitEthernet1/9/35,b6 94 95 ed 49 93,None,None,vlan100,up,up,fullDuplex,1000mb,
GigabitEthernet1/9/35,b6 df 0c f9 6e 98,None,None,vlan100,up,up,fullDuplex,1000mb,
GigabitEthernet1/9/35,ca 38 f1 d7 05 76,None,None,vlan100,up,up,fullDuplex,1000mb,
GigabitEthernet1/9/35,d2 d9 33 4a da 84,None,None,vlan100,up,up,fullDuplex,1000mb,
GigabitEthernet1/9/35,de d6 a7 97 e9 97,None,None,vlan100,up,up,fullDuplex,1000mb,
GigabitEthernet1/9/35,ee 6b bf f6 59 4c,None,None,vlan100,up,up,fullDuplex,1000mb,
GigabitEthernet1/9/36,00 30 48 d3 05 04,10.10.1.37,Pointer Record Not set for 10.10.1.37,vlan100,up,up,fullDuplex,1000mb,
GigabitEthernet1/9/37,00 30 48 d3 b6 1e,None,None,vlan100,up,up,fullDuplex,1000mb,
GigabitEthernet1/9/38,00 30 48 d3 b6 24,None,None,vlan100,up,up,fullDuplex,1000mb,
GigabitEthernet1/9/39,00 30 48 d3 b5 7a,None,None,vlan100,up,up,fullDuplex,1000mb,
GigabitEthernet1/9/41,00 25 90 29 f7 51,None,None,vlan100,up,up,fullDuplex,1000mb,
GigabitEthernet1/9/42,00 30 48 65 df a6,None,None,vlan100,up,up,fullDuplex,1000mb,
GigabitEthernet1/9/43,00 25 90 2a c0 61,None,None,vlan100,up,up,fullDuplex,1000mb,
GigabitEthernet1/9/44,00 25 90 29 f3 e9,None,None,vlan100,up,up,fullDuplex,1000mb,
GigabitEthernet1/9/45,00 25 90 29 f7 55,None,None,vlan100,up,up,fullDuplex,1000mb,
GigabitEthernet1/9/48,00 25 90 29 f7 11,None,None,vlan100,up,up,fullDuplex,1000mb,
GigabitEthernet2/1/25,00 15 17 ac 44 38,10.10.2.33,ls33-2-p.nyc0.ls.local,vlan100,up,up,fullDuplex,1000mb,
GigabitEthernet2/1/25,0e cb 6d de 5e 00,None,None,vlan100,up,up,fullDuplex,1000mb,
GigabitEthernet2/1/25,12 ea 8d 24 cc 60,None,None,vlan100,up,up,fullDuplex,1000mb,
GigabitEthernet2/1/25,16 5b 11 e7 f5 fc,None,None,vlan100,up,up,fullDuplex,1000mb,
GigabitEthernet2/1/25,1a a8 77 42 47 00,None,None,vlan100,up,up,fullDuplex,1000mb,
GigabitEthernet2/1/25,56 a1 e9 2f dd 3c,None,None,vlan100,up,up,fullDuplex,1000mb,
GigabitEthernet2/1/25,5e 2e 83 a5 59 86,None,None,vlan100,up,up,fullDuplex,1000mb,
GigabitEthernet2/1/25,72 26 20 ce 22 7e,10.10.137.7,ls7-137-v.nyc0.ls.local,vlan100,up,up,fullDuplex,1000mb,
GigabitEthernet2/1/25,76 fa 94 08 7b 3b,None,None,vlan100,up,up,fullDuplex,1000mb,
GigabitEthernet2/1/25,9a 63 81 24 fb 11,None,None,vlan100,up,up,fullDuplex,1000mb,
GigabitEthernet2/1/25,aa 2b 77 af 9a 3e,None,None,vlan100,up,up,fullDuplex,1000mb,
GigabitEthernet2/1/25,b2 cb 10 cd 1f 40,None,None,vlan100,up,up,fullDuplex,1000mb,
GigabitEthernet2/1/25,c6 a8 70 87 87 1c,None,None,vlan100,up,up,fullDuplex,1000mb,
GigabitEthernet2/1/25,d2 8c e0 4e 97 c7,None,None,vlan100,up,up,fullDuplex,1000mb,
GigabitEthernet2/1/25,ee d1 38 3f 53 62,10.10.137.1,ls1-137-v.nyc0.ls.local,vlan100,up,up,fullDuplex,1000mb,
GigabitEthernet2/1/26,16 61 aa 67 b8 95,None,None,vlan100,up,up,fullDuplex,1000mb,
GigabitEthernet2/1/26,2a 0d df 6c a1 45,None,None,vlan100,up,up,fullDuplex,1000mb,
GigabitEthernet2/1/26,3a d0 f6 49 fe e1,None,None,vlan100,up,up,fullDuplex,1000mb,
GigabitEthernet2/1/26,76 44 22 a8 84 cc,None,None,vlan100,up,up,fullDuplex,1000mb,
GigabitEthernet2/1/26,82 a8 00 fc 5d 84,None,None,vlan100,up,up,fullDuplex,1000mb,
GigabitEthernet2/1/26,8e 7b 93 b5 69 8e,None,None,vlan100,up,up,fullDuplex,1000mb,
GigabitEthernet2/1/26,a2 d7 72 bc cd ee,None,None,vlan100,up,up,fullDuplex,1000mb,
GigabitEthernet2/1/26,a6 35 56 d0 5f c8,None,None,vlan100,up,up,fullDuplex,1000mb,
GigabitEthernet2/1/26,de 6d 60 59 c7 ab,None,None,vlan100,up,up,fullDuplex,1000mb,
GigabitEthernet2/1/26,e2 30 9d 8a 10 f0,None,None,vlan100,up,up,fullDuplex,1000mb,
GigabitEthernet2/1/26,ea 80 66 00 db 44,None,None,vlan100,up,up,fullDuplex,1000mb,
GigabitEthernet2/1/26,f6 84 83 38 55 12,None,None,vlan100,up,up,fullDuplex,1000mb,
GigabitEthernet2/1/26,fa c6 e2 98 4f 09,None,None,vlan100,up,up,fullDuplex,1000mb,
GigabitEthernet2/1/27,00 15 17 ac 40 40,None,None,vlan100,up,up,fullDuplex,1000mb,
GigabitEthernet2/1/28,00 30 48 65 df d0,None,None,vlan100,up,up,fullDuplex,1000mb,
GigabitEthernet2/1/29,00 30 48 65 e0 b4,None,None,vlan100,up,up,fullDuplex,1000mb,
GigabitEthernet2/1/30,00 30 48 65 df bc,None,None,vlan100,up,up,fullDuplex,1000mb,
GigabitEthernet2/1/31,00 30 48 65 e0 b2,None,None,vlan100,up,up,fullDuplex,1000mb,
GigabitEthernet2/1/32,00 30 48 65 df 6c,None,None,vlan100,up,up,fullDuplex,1000mb,
GigabitEthernet2/1/33,00 30 48 cd 15 16,None,None,vlan100,up,up,fullDuplex,1000mb,
GigabitEthernet2/1/34,00 30 48 65 e0 b0,None,None,vlan100,up,up,fullDuplex,1000mb,
GigabitEthernet2/1/35,00 18 8b 37 5d 39,None,None,vlan100,up,up,fullDuplex,1000mb,
GigabitEthernet2/1/36,00 30 48 cd 15 4a,None,None,vlan100,up,up,fullDuplex,1000mb,
GigabitEthernet2/1/37,00 30 48 65 df 6a,None,None,vlan100,up,up,fullDuplex,1000mb,
GigabitEthernet2/1/38,00 30 48 65 e0 2c,None,None,vlan100,up,up,fullDuplex,1000mb,
GigabitEthernet2/1/39,00 19 b9 f4 ab 8c,204.77.212.68,212-68.livestream.com,vlan100,up,up,fullDuplex,1000mb,
GigabitEthernet2/1/40,00 15 c5 e3 ab 94,204.77.212.69,212-69.livestream.com,vlan100,up,up,fullDuplex,1000mb,
GigabitEthernet2/1/41,00 19 b9 f4 9a 98,204.77.212.67,212-67.livestream.com,vlan100,up,up,fullDuplex,1000mb,
GigabitEthernet2/1/42,00 15 c5 e3 ac cf,204.77.212.66,212-66.livestream.com,vlan100,up,up,fullDuplex,1000mb,
GigabitEthernet2/1/43,00 19 b9 f4 9e 03,204.77.212.65,212-65.livestream.com,vlan100,up,up,fullDuplex,1000mb,
GigabitEthernet2/1/44,00 15 c5 e4 2d 03,10.10.2.132,ls132-2-p.nyc0.ls.local,vlan100,up,up,fullDuplex,1000mb,
GigabitEthernet2/1/45,00 19 b9 f4 a4 02,204.77.212.63,212-63.livestream.com,vlan100,up,up,fullDuplex,1000mb,
GigabitEthernet2/1/46,00 19 b9 f6 30 b5,204.77.212.62,212-62.livestream.com,vlan100,up,up,fullDuplex,1000mb,
GigabitEthernet2/1/47,00 19 b9 f4 98 9a,204.77.212.61,212-61.livestream.com,vlan100,up,up,fullDuplex,1000mb,
GigabitEthernet2/1/48,00 19 b9 f6 27 f5,204.77.212.60,212-60.livestream.com,vlan100,up,up,fullDuplex,1000mb,
GigabitEthernet2/3/37,00 18 8b 4d 54 93,None,None,vlan100,up,up,fullDuplex,1000mb,
GigabitEthernet2/3/38,00 18 8b 37 5d 75,None,None,vlan100,up,up,fullDuplex,1000mb,
GigabitEthernet1/1/1,00 19 b9 f6 2a cf,204.77.212.53,212-53.livestream.com,vlan200,up,up,fullDuplex,1000mb,
GigabitEthernet1/1/5,00 19 b9 f6 0a 22,204.77.212.51,212-51.livestream.com,vlan200,up,up,fullDuplex,1000mb,
GigabitEthernet1/1/7,00 19 b9 f4 fa c4,204.77.212.52,212-52.livestream.com,vlan200,up,up,fullDuplex,1000mb,
GigabitEthernet1/1/9,00 19 b9 f6 0a e0,204.77.212.54,212-54.livestream.com,vlan200,up,up,fullDuplex,1000mb,
GigabitEthernet1/1/19,00 18 8b 37 5d 77,204.77.212.70,212-70.livestream.com,vlan200,up,up,fullDuplex,1000mb,
GigabitEthernet1/1/20,00 18 8b 4d 54 95,204.77.212.71,212-71.livestream.com,vlan200,up,up,fullDuplex,1000mb,
GigabitEthernet1/1/41,00 19 b9 f4 fa b5,204.77.212.56,212-56.livestream.com,vlan200,up,up,fullDuplex,1000mb,
GigabitEthernet1/1/43,00 19 b9 f4 fe 39,204.77.212.55,212-55.livestream.com,vlan200,up,up,fullDuplex,1000mb,
GigabitEthernet1/1/47,00 19 b9 f6 06 f8,204.77.212.57,212-57.livestream.com,vlan200,up,up,fullDuplex,1000mb,
GigabitEthernet1/3/2,00 30 48 c2 b1 0d,204.77.213.132,213-132.livestream.com,vlan200,up,up,fullDuplex,1000mb,
GigabitEthernet1/3/2,0e 84 79 15 11 a4,204.77.213.107,213-107.livestream.com,vlan200,up,up,fullDuplex,1000mb,
GigabitEthernet1/3/2,1e 03 f0 26 6e c1,204.77.213.112,213-112.livestream.com,vlan200,up,up,fullDuplex,1000mb,
GigabitEthernet1/3/2,6a 58 95 8d ca 93,204.77.213.110,213-110.livestream.com,vlan200,up,up,fullDuplex,1000mb,
GigabitEthernet1/3/2,8a 8a 42 8c b6 b3,204.77.213.129,213-129.livestream.com,vlan200,up,up,fullDuplex,1000mb,
GigabitEthernet1/3/2,8e ad 81 8f 51 b1,204.77.213.106,213-106.livestream.com,vlan200,up,up,fullDuplex,1000mb,
GigabitEthernet1/3/2,a6 4b 27 f1 c8 a6,204.77.213.116,213-116.livestream.com,vlan200,up,up,fullDuplex,1000mb,
GigabitEthernet1/3/2,b2 bc f2 94 70 5d,204.77.213.115,213-115.livestream.com,vlan200,up,up,fullDuplex,1000mb,
GigabitEthernet1/3/2,d2 ff 8b 19 3e 4b,204.77.213.109,213-109.livestream.com,vlan200,up,up,fullDuplex,1000mb,
GigabitEthernet1/3/2,ee 88 59 ba b3 8c,204.77.213.126,213-126.livestream.com,vlan200,up,up,fullDuplex,1000mb,
GigabitEthernet1/3/2,f6 56 62 ca 9e cd,204.77.213.108,213-108.livestream.com,vlan200,up,up,fullDuplex,1000mb,
GigabitEthernet1/3/4,00 15 17 ac 3b dd,204.77.212.45,212-45.livestream.com,vlan200,up,up,fullDuplex,1000mb,
GigabitEthernet1/3/5,00 19 b9 f4 ac 04,204.77.212.58,212-58.livestream.com,vlan200,up,up,fullDuplex,1000mb,
GigabitEthernet1/3/6,00 30 48 c8 1d f9,204.77.212.79,212-79.livestream.com,vlan200,up,up,fullDuplex,1000mb,
GigabitEthernet1/3/7,00 15 c5 e3 c6 29,204.77.212.59,212-59.livestream.com,vlan200,up,up,fullDuplex,1000mb,
GigabitEthernet1/3/8,00 30 48 c8 1d fd,204.77.212.80,212-80.livestream.com,vlan200,up,up,fullDuplex,1000mb,
GigabitEthernet1/3/10,00 18 8b 37 51 35,204.77.212.35,212-35.livestream.com,vlan200,up,up,fullDuplex,1000mb,
GigabitEthernet1/3/11,00 15 17 aa ec d9,204.77.212.76,212-76.livestream.com,vlan200,up,up,fullDuplex,1000mb,
GigabitEthernet1/3/12,00 30 48 c8 1d 27,204.77.212.82,212-82.livestream.com,vlan200,up,up,fullDuplex,1000mb,
GigabitEthernet1/3/14,00 30 48 c8 1d 3b,204.77.212.81,212-81.livestream.com,vlan200,up,up,fullDuplex,1000mb,
GigabitEthernet1/9/1,00 25 90 29 f7 2e,204.77.212.206,212-206.livestream.com,vlan200,up,up,fullDuplex,1000mb,
GigabitEthernet1/9/3,00 30 48 65 df a7,204.77.212.75,212-75.livestream.com,vlan200,up,up,fullDuplex,1000mb,
GigabitEthernet1/9/4,00 25 90 29 f7 10,204.77.212.200,212-200.livestream.com,vlan200,up,up,fullDuplex,1000mb,
GigabitEthernet1/9/5,00 25 90 29 f7 50,204.77.212.202,212-202.livestream.com,vlan200,up,up,fullDuplex,1000mb,
GigabitEthernet1/9/6,00 25 90 2a c0 60,204.77.212.204,212-204.livestream.com,vlan200,up,up,fullDuplex,1000mb,
GigabitEthernet1/9/8,00 25 90 29 f3 e8,204.77.212.205,212-205.livestream.com,vlan200,up,up,fullDuplex,1000mb,
GigabitEthernet1/9/10,00 25 90 29 f7 54,204.77.212.203,212-203.livestream.com,vlan200,up,up,fullDuplex,1000mb,
GigabitEthernet1/9/11,00 30 48 d3 b5 7b,204.77.212.25,212-25.livestream.com,vlan200,up,up,fullDuplex,1000mb,
GigabitEthernet1/9/13,00 30 48 d3 b6 25,204.77.212.24,212-24.livestream.com,vlan200,up,up,fullDuplex,1000mb,
GigabitEthernet1/9/14,00 30 48 d3 b6 1f,204.77.212.20,212-20.livestream.com,vlan200,up,up,fullDuplex,1000mb,
GigabitEthernet1/9/16,00 30 48 d3 05 05,204.77.212.49,212-49.livestream.com,vlan200,up,up,fullDuplex,1000mb,
GigabitEthernet1/9/17,00 30 48 c8 1b 3f,204.77.213.138,213-138.livestream.com,vlan200,up,up,fullDuplex,1000mb,
GigabitEthernet1/9/17,1a 8d d8 14 c4 61,204.77.213.128,213-128.livestream.com,vlan200,up,up,fullDuplex,1000mb,
GigabitEthernet1/9/17,1e 3b 51 cb d5 c9,204.77.213.75,213-75.livestream.com,vlan200,up,up,fullDuplex,1000mb,
GigabitEthernet1/9/17,36 b1 b1 10 f9 da,204.77.213.83,213-83.livestream.com,vlan200,up,up,fullDuplex,1000mb,
GigabitEthernet1/9/17,42 94 bf 79 ac a1,204.77.213.74,213-74.livestream.com,vlan200,up,up,fullDuplex,1000mb,
GigabitEthernet1/9/17,5a 5a c6 57 26 f9,204.77.213.76,213-76.livestream.com,vlan200,up,up,fullDuplex,1000mb,
GigabitEthernet1/9/17,5a c1 ea 96 c3 2b,204.77.213.103,213-103.livestream.com,vlan200,up,up,fullDuplex,1000mb,
GigabitEthernet1/9/17,66 6b 3c de 6d 07,204.77.213.78,213-78.livestream.com,vlan200,up,up,fullDuplex,1000mb,
GigabitEthernet1/9/17,76 7b 5f 1d 2b 0b,204.77.213.81,213-81.livestream.com,vlan200,up,up,fullDuplex,1000mb,
GigabitEthernet1/9/17,be 07 3e 53 4a ee,204.77.213.113,213-113.livestream.com,vlan200,up,up,fullDuplex,1000mb,
GigabitEthernet1/9/17,c6 38 19 ff f8 2b,204.77.213.79,213-79.livestream.com,vlan200,up,up,fullDuplex,1000mb,
GigabitEthernet1/9/17,c6 78 c3 d7 1b c1,204.77.213.80,213-80.livestream.com,vlan200,up,up,fullDuplex,1000mb,
GigabitEthernet1/9/17,ca 4b 07 ee 39 5d,204.77.213.77,213-77.livestream.com,vlan200,up,up,fullDuplex,1000mb,
GigabitEthernet1/9/19,00 30 48 cd 19 5f,204.77.212.78,212-78.livestream.com,vlan200,up,up,fullDuplex,1000mb,
GigabitEthernet1/9/20,00 30 48 cd 15 23,204.77.212.77,212-77.livestream.com,vlan200,up,up,fullDuplex,1000mb,
GigabitEthernet1/9/46,00 18 8b 4d 1b 97,204.77.212.23,212-23.livestream.com,vlan200,up,up,fullDuplex,1000mb,
GigabitEthernet1/9/47,00 18 8b 37 5c 77,204.77.212.22,212-22.livestream.com,vlan200,up,up,fullDuplex,1000mb,
GigabitEthernet2/1/1,00 15 17 aa ed f1,204.77.213.135,213-135.livestream.com,vlan200,up,up,fullDuplex,1000mb,
GigabitEthernet2/1/1,06 01 31 21 fc 02,204.77.212.42,212-42.livestream.com,vlan200,up,up,fullDuplex,1000mb,
GigabitEthernet2/1/1,12 c6 9e 28 13 bb,204.77.213.45,213-45.livestream.com,vlan200,up,up,fullDuplex,1000mb,
GigabitEthernet2/1/1,22 c4 e4 37 b4 84,204.77.213.60,213-60.livestream.com,vlan200,up,up,fullDuplex,1000mb,
GigabitEthernet2/1/1,3a f2 7c 54 98 79,204.77.213.42,213-42.livestream.com,vlan200,up,up,fullDuplex,1000mb,
GigabitEthernet2/1/1,3e bb c7 6c 76 b0,204.77.213.124,213-124.livestream.com,vlan200,up,up,fullDuplex,1000mb,
GigabitEthernet2/1/1,66 8a 80 56 15 c4,204.77.213.119,213-119.livestream.com,vlan200,up,up,fullDuplex,1000mb,
GigabitEthernet2/1/1,66 b7 70 05 47 f4,204.77.213.41,213-41.livestream.com,vlan200,up,up,fullDuplex,1000mb,
GigabitEthernet2/1/1,6e 08 7c 6c a2 c5,204.77.213.43,213-43.livestream.com,vlan200,up,up,fullDuplex,1000mb,
GigabitEthernet2/1/1,7a 87 d2 40 7c 99,204.77.213.40,ns1.livestreamdns.com,vlan200,up,up,fullDuplex,1000mb,
GigabitEthernet2/1/1,8a bf e3 b9 ae 8a,204.77.213.44,213-44.livestream.com,vlan200,up,up,fullDuplex,1000mb,
GigabitEthernet2/1/1,92 1e 8f 89 57 7d,204.77.213.39,213-39.livestream.com,vlan200,up,up,fullDuplex,1000mb,
GigabitEthernet2/1/1,92 8a 3a ac c9 ac,204.77.213.37,213-37.livestream.com,vlan200,up,up,fullDuplex,1000mb,
GigabitEthernet2/1/1,9e 2c c9 f8 4a 12,204.77.213.122,213-122.livestream.com,vlan200,up,up,fullDuplex,1000mb,
GigabitEthernet2/1/1,a6 42 79 18 31 d9,204.77.213.125,213-125.livestream.com,vlan200,up,up,fullDuplex,1000mb,
GigabitEthernet2/1/1,ae 6b ae 8b a6 4f,204.77.213.57,213-57.livestream.com,vlan200,up,up,fullDuplex,1000mb,
GigabitEthernet2/1/1,be 86 4b 63 57 40,204.77.213.121,213-121.livestream.com,vlan200,up,up,fullDuplex,1000mb,
GigabitEthernet2/1/1,c6 72 57 ca 2b 65,204.77.213.38,213-38.livestream.com,vlan200,up,up,fullDuplex,1000mb,
GigabitEthernet2/1/1,ee ae ac 28 90 50,204.77.213.36,213-36.livestream.com,vlan200,up,up,fullDuplex,1000mb,
GigabitEthernet2/1/2,00 15 17 ac 41 19,204.77.213.134,213-134.livestream.com,vlan200,up,up,fullDuplex,1000mb,
GigabitEthernet2/1/2,0a 72 4c f1 6e 2c,204.77.213.35,213-35.livestream.com,vlan200,up,up,fullDuplex,1000mb,
GigabitEthernet2/1/2,16 82 32 8f 86 07,204.77.213.127,213-127.livestream.com,vlan200,up,up,fullDuplex,1000mb,
GigabitEthernet2/1/2,1e 82 e6 e6 16 07,204.77.213.53,213-53.livestream.com,vlan200,up,up,fullDuplex,1000mb,
GigabitEthernet2/1/2,62 25 00 7a a9 8e,204.77.213.32,213-32.livestream.com,vlan200,up,up,fullDuplex,1000mb,
GigabitEthernet2/1/2,62 32 19 2b 1d b9,204.77.213.52,213-52.livestream.com,vlan200,up,up,fullDuplex,1000mb,
GigabitEthernet2/1/2,66 1e 2d ee 71 c8,204.77.213.56,213-56.livestream.com,vlan200,up,up,fullDuplex,1000mb,
GigabitEthernet2/1/2,8a 76 90 5c 81 34,204.77.213.59,213-59.livestream.com,vlan200,up,up,fullDuplex,1000mb,
GigabitEthernet2/1/2,92 78 78 84 e8 58,204.77.212.40,ns3.livestreamdns.com,vlan200,up,up,fullDuplex,1000mb,
GigabitEthernet2/1/2,a2 71 c2 75 4f 50,204.77.213.51,213-51.livestream.com,vlan200,up,up,fullDuplex,1000mb,
GigabitEthernet2/1/2,c2 09 ab 48 8f b0,204.77.213.49,213-49.livestream.com,vlan200,up,up,fullDuplex,1000mb,
GigabitEthernet2/1/2,ca 47 da e3 85 29,204.77.213.34,213-34.livestream.com,vlan200,up,up,fullDuplex,1000mb,
GigabitEthernet2/1/2,d2 2f 34 72 53 39,204.77.213.50,213-50.livestream.com,vlan200,up,up,fullDuplex,1000mb,
GigabitEthernet2/1/2,da 9b 54 c8 8e 8b,204.77.213.47,213-47.livestream.com,vlan200,up,up,fullDuplex,1000mb,
GigabitEthernet2/1/2,ea c3 2c 91 f8 68,204.77.212.41,212-41.livestream.com,vlan200,up,up,fullDuplex,1000mb,
GigabitEthernet2/1/2,f2 47 5e 65 a9 e0,204.77.213.31,213-31.livestream.com,vlan200,up,up,fullDuplex,1000mb,
GigabitEthernet2/1/2,f2 75 f8 01 1f bc,204.77.213.48,213-48.livestream.com,vlan200,up,up,fullDuplex,1000mb,
GigabitEthernet2/1/2,f2 c7 9e c0 4c ba,204.77.213.54,213-54.livestream.com,vlan200,up,up,fullDuplex,1000mb,
GigabitEthernet2/1/2,fa a6 d3 84 41 b7,204.77.213.30,213-30.livestream.com,vlan200,up,up,fullDuplex,1000mb,
GigabitEthernet2/1/2,fe e0 8a 25 a8 e5,204.77.213.101,213-101.livestream.com,vlan200,up,up,fullDuplex,1000mb,
GigabitEthernet2/1/3,00 15 17 ac 40 41,204.77.212.26,212-26.livestream.com,vlan200,up,up,fullDuplex,1000mb,
GigabitEthernet2/1/4,00 15 17 ac 44 39,204.77.213.137,213-137.livestream.com,vlan200,up,up,fullDuplex,1000mb,
GigabitEthernet2/1/4,0a 0d 90 72 5d 54,204.77.213.105,213-105.livestream.com,vlan200,up,up,fullDuplex,1000mb,
GigabitEthernet2/1/4,0e 56 04 9d 58 a5,204.77.213.63,213-63.livestream.com,vlan200,up,up,fullDuplex,1000mb,
GigabitEthernet2/1/4,26 70 28 ae 34 97,204.77.213.71,213-71.livestream.com,vlan200,up,up,fullDuplex,1000mb,
GigabitEthernet2/1/4,2a b6 26 cd b8 60,204.77.213.66,213-66.livestream.com,vlan200,up,up,fullDuplex,1000mb,
GigabitEthernet2/1/4,32 aa 60 83 bb 27,204.77.213.114,213-114.livestream.com,vlan200,up,up,fullDuplex,1000mb,
GigabitEthernet2/1/4,46 4e ea c7 c9 b6,204.77.213.69,213-69.livestream.com,vlan200,up,up,fullDuplex,1000mb,
GigabitEthernet2/1/4,8e 15 fb 03 69 5c,204.77.213.67,213-67.livestream.com,vlan200,up,up,fullDuplex,1000mb,
GigabitEthernet2/1/4,8e df 30 89 50 da,None,None,vlan200,up,up,fullDuplex,1000mb,
GigabitEthernet2/1/4,96 3a f1 e7 59 7b,204.77.213.104,213-104.livestream.com,vlan200,up,up,fullDuplex,1000mb,
GigabitEthernet2/1/4,b6 0b ff 3f 04 cb,204.77.213.87,213-87.livestream.com,vlan200,up,up,fullDuplex,1000mb,
GigabitEthernet2/1/4,c2 0b b3 3e 1e d7,204.77.213.73,213-73.livestream.com,vlan200,up,up,fullDuplex,1000mb,
GigabitEthernet2/1/4,c6 42 27 15 3e 70,204.77.213.70,213-70.livestream.com,vlan200,up,up,fullDuplex,1000mb,
GigabitEthernet2/1/4,da 0d 16 38 3f 67,204.77.213.102,213-102.livestream.com,vlan200,up,up,fullDuplex,1000mb,
GigabitEthernet2/1/4,f2 7a 71 65 40 10,204.77.213.120,213-120.livestream.com,vlan200,up,up,fullDuplex,1000mb,
GigabitEthernet2/1/5,00 15 17 aa ea 55,204.77.213.136,213-136.livestream.com,vlan200,up,up,fullDuplex,1000mb,
GigabitEthernet2/1/5,36 e3 d4 35 a2 23,204.77.213.92,213-92.livestream.com,vlan200,up,up,fullDuplex,1000mb,
GigabitEthernet2/1/5,3a 19 d2 bf 76 2f,204.77.213.96,213-96.livestream.com,vlan200,up,up,fullDuplex,1000mb,
GigabitEthernet2/1/5,5a b4 a2 d1 1b 54,204.77.213.130,213-130.livestream.com,vlan200,up,up,fullDuplex,1000mb,
GigabitEthernet2/1/5,6a 01 0e 2c 76 a4,204.77.213.97,213-97.livestream.com,vlan200,up,up,fullDuplex,1000mb,
GigabitEthernet2/1/5,6a 04 e8 4a 75 02,204.77.213.91,213-91.livestream.com,vlan200,up,up,fullDuplex,1000mb,
GigabitEthernet2/1/5,82 c1 44 bd d2 dd,204.77.213.98,213-98.livestream.com,vlan200,up,up,fullDuplex,1000mb,
GigabitEthernet2/1/5,8e 7c 8a 52 7c a6,204.77.213.68,213-68.livestream.com,vlan200,up,up,fullDuplex,1000mb,
GigabitEthernet2/1/5,8e 8e 67 b1 68 86,204.77.213.95,213-95.livestream.com,vlan200,up,up,fullDuplex,1000mb,
GigabitEthernet2/1/5,8e b5 69 af 5a d7,204.77.213.90,213-90.livestream.com,vlan200,up,up,fullDuplex,1000mb,
GigabitEthernet2/1/5,9e 85 23 67 00 da,204.77.213.131,213-131.livestream.com,vlan200,up,up,fullDuplex,1000mb,
GigabitEthernet2/1/5,ae 67 f8 7f 5d de,204.77.213.100,213-100.livestream.com,vlan200,up,up,fullDuplex,1000mb,
GigabitEthernet2/1/5,ba b5 f8 32 37 81,204.77.213.61,213-61.livestream.com,vlan200,up,up,fullDuplex,1000mb,
GigabitEthernet2/1/5,ca 70 64 92 9f 3d,204.77.213.99,213-99.livestream.com,vlan200,up,up,fullDuplex,1000mb,
GigabitEthernet2/1/5,ca e9 96 bd ba da,204.77.213.62,213-62.livestream.com,vlan200,up,up,fullDuplex,1000mb,
GigabitEthernet2/1/5,d2 64 92 0c 0f 47,204.77.213.64,213-64.livestream.com,vlan200,up,up,fullDuplex,1000mb,
GigabitEthernet2/1/5,e2 45 8a b2 29 8a,204.77.213.94,213-94.livestream.com,vlan200,up,up,fullDuplex,1000mb,
GigabitEthernet2/1/5,e2 fa d6 05 90 43,204.77.213.93,213-93.livestream.com,vlan200,up,up,fullDuplex,1000mb,
GigabitEthernet2/1/6,00 30 48 65 df 6d,204.77.212.107,212-107.livestream.com,vlan200,up,up,fullDuplex,1000mb,
GigabitEthernet2/1/7,00 30 48 65 df bd,204.77.212.110,212-110.livestream.com,vlan200,up,up,fullDuplex,1000mb,
GigabitEthernet2/1/8,00 30 48 65 e0 b3,204.77.212.111,212-111.livestream.com,vlan200,up,up,fullDuplex,1000mb,
GigabitEthernet2/1/9,00 30 48 65 e0 b5,204.77.212.109,212-109.livestream.com,vlan200,up,up,fullDuplex,1000mb,
GigabitEthernet2/1/10,00 30 48 65 df d1,204.77.212.112,212-112.livestream.com,vlan200,up,up,fullDuplex,1000mb,
GigabitEthernet2/1/11,00 30 48 cd 15 17,204.77.212.84,212-84.livestream.com,vlan200,up,up,fullDuplex,1000mb,
GigabitEthernet2/1/12,00 30 48 65 e0 b1,204.77.212.108,212-108.livestream.com,vlan200,up,up,fullDuplex,1000mb,
GigabitEthernet2/1/13,00 18 8b 37 5d 3b,204.77.212.27,212-27.livestream.com,vlan200,up,up,fullDuplex,1000mb,
GigabitEthernet2/1/14,00 30 48 cd 15 4b,204.77.212.83,212-83.livestream.com,vlan200,up,up,fullDuplex,1000mb,
GigabitEthernet2/1/15,00 30 48 63 b5 4d,204.77.212.103,212-103.livestream.com,vlan200,up,up,fullDuplex,1000mb,
GigabitEthernet2/1/16,00 30 48 65 e1 23,204.77.212.102,212-102.livestream.com,vlan200,up,up,fullDuplex,1000mb,
GigabitEthernet2/1/17,00 30 48 65 df 6b,204.77.212.106,212-106.livestream.com,vlan200,up,up,fullDuplex,1000mb,
GigabitEthernet2/1/18,00 30 48 65 df 57,204.77.212.101,212-101.livestream.com,vlan200,up,up,fullDuplex,1000mb,
GigabitEthernet2/1/19,00 30 48 65 e0 e1,204.77.212.104,212-104.livestream.com,vlan200,up,up,fullDuplex,1000mb,
GigabitEthernet2/1/20,00 30 48 65 e0 2d,204.77.212.105,212-105.livestream.com,vlan200,up,up,fullDuplex,1000mb,
GigabitEthernet2/1/39,00 19 b9 f4 ab 8c,204.77.212.68,212-68.livestream.com,vlan200,up,up,fullDuplex,1000mb,
GigabitEthernet2/1/40,00 15 c5 e3 ab 94,204.77.212.69,212-69.livestream.com,vlan200,up,up,fullDuplex,1000mb,
GigabitEthernet2/1/41,00 19 b9 f4 9a 98,204.77.212.67,212-67.livestream.com,vlan200,up,up,fullDuplex,1000mb,
GigabitEthernet2/1/42,00 15 c5 e3 ac cf,204.77.212.66,212-66.livestream.com,vlan200,up,up,fullDuplex,1000mb,
GigabitEthernet2/1/43,00 19 b9 f4 9e 03,204.77.212.65,212-65.livestream.com,vlan200,up,up,fullDuplex,1000mb,
GigabitEthernet2/1/44,00 15 c5 e4 2d 03,10.10.2.132,ls132-2-p.nyc0.ls.local,vlan200,up,up,fullDuplex,1000mb,
GigabitEthernet2/1/45,00 19 b9 f4 a4 02,204.77.212.63,212-63.livestream.com,vlan200,up,up,fullDuplex,1000mb,
GigabitEthernet2/1/46,00 19 b9 f6 30 b5,204.77.212.62,212-62.livestream.com,vlan200,up,up,fullDuplex,1000mb,
GigabitEthernet2/1/47,00 19 b9 f4 98 9a,204.77.212.61,212-61.livestream.com,vlan200,up,up,fullDuplex,1000mb,
GigabitEthernet2/1/48,00 19 b9 f6 27 f5,204.77.212.60,212-60.livestream.com,vlan200,up,up,fullDuplex,1000mb,
